ID,Route Name,Route Link,Bus Name,Bus Type,Departing Time,Duration,Reaching Time,Star Rating,Price,Seats Available
1,Digha to Barasat (West Bengal) Bus,https://www.redbus.in/bus-tickets/digha-to-barasat-west-bengal?fromCityId=74706&toCityId=201668&fromCityName=Digha&toCityName=Barasat%20(West%20Bengal)&busType=Any&srcCountry=IND&destCountry=IND&onward=26-Jul-2024,WBTC (CTC) HABRA-DIGHA via Bally - 26|14:50,Non AC Seater (2+3),14:50,04h 45m,19:35,3.5,INR 161,27 Seats available
2,Digha to Barasat (West Bengal) Bus,https://www.redbus.in/bus-tickets/digha-to-barasat-west-bengal?fromCityId=74706&toCityId=201668&fromCityName=Digha&toCityName=Barasat%20(West%20Bengal)&busType=Any&srcCountry=IND&destCountry=IND&onward=26-Jul-2024,WBTC (CTC) MADHYAMGRAM - DIGHA via Belghoria - 130|16:00,Non AC Seater (2+3),16:00,05h 05m,21:05,3.4,INR 161,26 Seats available
3,Digha to Barasat (West Bengal) Bus,https://www.redbus.in/bus-tickets/digha-to-barasat-west-bengal?fromCityId=74706&toCityId=201668&fromCityName=Digha&toCityName=Barasat%20(West%20Bengal)&busType=Any&srcCountry=IND&destCountry=IND&onward=26-Jul-2024,WBTC (CTC) BARASAT-DIGHA via Bally - 38|16:45,Non AC Seater (2+3),16:45,04h 25m,21:10,2.5,INR 161,25 Seats available
4,Digha to Barasat (West Bengal) Bus,https://www.redbus.in/bus-tickets/digha-to-barasat-west-bengal?fromCityId=74706&toCityId=201668&fromCityName=Digha&toCityName=Barasat%20(West%20Bengal)&busType=Any&srcCountry=IND&destCountry=IND&onward=26-Jul-2024,The Joy Ride,A/C Seater / Sleeper (2+2),21:15,06h 20m,03:35,3.2,INR 650,21 Seats available
5,Digha to Barasat (West Bengal) Bus,https://www.redbus.in/bus-tickets/digha-to-barasat-west-bengal?fromCityId=74706&toCityId=201668&fromCityName=Digha&toCityName=Barasat%20(West%20Bengal)&busType=Any&srcCountry=IND&destCountry=IND&onward=26-Jul-2024,Snemita Paribahan (Shinjini),AC Seater (2+3),23:35,05h 25m,05:00,3.2,INR 420,54 Seats available
6,Kolkata to Digha Bus,https://www.redbus.in/bus-tickets/kolkata-to-digha?fromCityId=74820&toCityId=74706&fromCityName=Kolkata&toCityName=Digha&busType=Any&srcCountry=IND&destCountry=IND&onward=26-Jul-2024,WBTC (CTC) Kolkata - Digha - 124|14:40,Non AC Seater (2+3),14:40,04h 25m,19:05,3.7,INR 145,36 Seats available
7,Kolkata to Digha Bus,https://www.redbus.in/bus-tickets/kolkata-to-digha?fromCityId=74820&toCityId=74706&fromCityName=Kolkata&toCityName=Digha&busType=Any&srcCountry=IND&destCountry=IND&onward=26-Jul-2024,WBTC (CTC) Belgachia - Digha via Esplanade - 51|14:45,Non AC Seater (2+3),14:45,05h 25m,20:10,3.3,INR 155,15 Seats available
8,Kolkata to Digha Bus,https://www.redbus.in/bus-tickets/kolkata-to-digha?fromCityId=74820&toCityId=74706&fromCityName=Kolkata&toCityName=Digha&busType=Any&srcCountry=IND&destCountry=IND&onward=26-Jul-2024,WBTC (CTC) Belgachia - Digha via Esplanade - 51|15:45,Non AC Seater (2+3),15:45,04h 25m,20:10,3.1,INR 145,10 Seats available
9,Kolkata to Digha Bus,https://www.redbus.in/bus-tickets/kolkata-to-digha?fromCityId=74820&toCityId=74706&fromCityName=Kolkata&toCityName=Digha&busType=Any&srcCountry=IND&destCountry=IND&onward=26-Jul-2024,WBTC (CTC) Khidderpur - Digha - 97|16:00,Non AC Seater (2+3),16:00,05h 00m,21:00,3.3,INR 151,8 Seats available
10,Kolkata to Digha Bus,https://www.redbus.in/bus-tickets/kolkata-to-digha?fromCityId=74820&toCityId=74706&fromCityName=Kolkata&toCityName=Digha&busType=Any&srcCountry=IND&destCountry=IND&onward=26-Jul-2024,WBTC (CTC) Khidderpur - Digha - 97|16:45,Non AC Seater (2+3),16:45,04h 15m,21:00,3.2,INR 145,6 Seats available
11,Kolkata to Digha Bus,https://www.redbus.in/bus-tickets/kolkata-to-digha?fromCityId=74820&toCityId=74706&fromCityName=Kolkata&toCityName=Digha&busType=Any&srcCountry=IND&destCountry=IND&onward=26-Jul-2024,Express Line,Volvo 9600 A/C Seater/Sleeper (2+1),23:30,04h 45m,04:15,4.6,INR 749,4 Seats available
12,Kolkata to Digha Bus,https://www.redbus.in/bus-tickets/kolkata-to-digha?fromCityId=74820&toCityId=74706&fromCityName=Kolkata&toCityName=Digha&busType=Any&srcCountry=IND&destCountry=IND&onward=26-Jul-2024,Express Line,Volvo 9600 A/C Seater (2+2),23:45,05h 00m,04:45,4.5,INR 699,24 Seats available
13,Kolkata to Digha Bus,https://www.redbus.in/bus-tickets/kolkata-to-digha?fromCityId=74820&toCityId=74706&fromCityName=Kolkata&toCityName=Digha&busType=Any&srcCountry=IND&destCountry=IND&onward=26-Jul-2024,Shyamoli Paribahan Pvt Ltd,VE A/C Seater (2+2),23:30,05h 00m,04:30,4.4,INR 700,6 Seats available
14,Kolkata to Digha Bus,https://www.redbus.in/bus-tickets/kolkata-to-digha?fromCityId=74820&toCityId=74706&fromCityName=Kolkata&toCityName=Digha&busType=Any&srcCountry=IND&destCountry=IND&onward=26-Jul-2024,AdSagufta Travels(Maa Chandi),A/C Seater / Sleeper (2+2),22:10,07h 30m,05:40,4.7,INR 515,5 Seats available
15,Kolkata to Digha Bus,https://www.redbus.in/bus-tickets/kolkata-to-digha?fromCityId=74820&toCityId=74706&fromCityName=Kolkata&toCityName=Digha&busType=Any&srcCountry=IND&destCountry=IND&onward=26-Jul-2024,Shyamoli Paribahan Pvt Ltd,Volvo A/C Seater (2+2),23:45,05h 00m,04:45,4.5,INR 700,21 Seats available
16,Kolkata to Digha Bus,https://www.redbus.in/bus-tickets/kolkata-to-digha?fromCityId=74820&toCityId=74706&fromCityName=Kolkata&toCityName=Digha&busType=Any&srcCountry=IND&destCountry=IND&onward=26-Jul-2024,Maa Chandi Travels,A/C Seater / Sleeper (2+2),22:00,07h 30m,05:30,4.4,463,6 Seats available
17,Kolkata to Digha Bus,https://www.redbus.in/bus-tickets/kolkata-to-digha?fromCityId=74820&toCityId=74706&fromCityName=Kolkata&toCityName=Digha&busType=Any&srcCountry=IND&destCountry=IND&onward=26-Jul-2024,Mayuri Express,AC Seater (2+2),23:15,05h 15m,04:30,4.2,554,8 Seats available
18,Kolkata to Digha Bus,https://www.redbus.in/bus-tickets/kolkata-to-digha?fromCityId=74820&toCityId=74706&fromCityName=Kolkata&toCityName=Digha&busType=Any&srcCountry=IND&destCountry=IND&onward=26-Jul-2024,Sagufta Travels(Maa Chandi),A/C Seater / Sleeper (2+2),23:57,05h 13m,05:10,4.2,INR 515,48 Seats available
19,Kolkata to Digha Bus,https://www.redbus.in/bus-tickets/kolkata-to-digha?fromCityId=74820&toCityId=74706&fromCityName=Kolkata&toCityName=Digha&busType=Any&srcCountry=IND&destCountry=IND&onward=26-Jul-2024,Parameswar Travels,A/C Seater Push Back (2+2),23:50,04h 55m,04:45,3.8,423,25 Seats available
20,Kolkata to Digha Bus,https://www.redbus.in/bus-tickets/kolkata-to-digha?fromCityId=74820&toCityId=74706&fromCityName=Kolkata&toCityName=Digha&busType=Any&srcCountry=IND&destCountry=IND&onward=26-Jul-2024,City Express (Shinjini),AC Seater (2+3),23:50,05h 05m,04:55,3.4,INR 480,2 Seats available
21,Kolkata to Digha Bus,https://www.redbus.in/bus-tickets/kolkata-to-digha?fromCityId=74820&toCityId=74706&fromCityName=Kolkata&toCityName=Digha&busType=Any&srcCountry=IND&destCountry=IND&onward=26-Jul-2024,Maa Chandi Travels,A/C Seater / Sleeper (2+2),23:57,05h 13m,05:10,4.3,463,29 Seats available
22,Kolkata to Digha Bus,https://www.redbus.in/bus-tickets/kolkata-to-digha?fromCityId=74820&toCityId=74706&fromCityName=Kolkata&toCityName=Digha&busType=Any&srcCountry=IND&destCountry=IND&onward=26-Jul-2024,Sagufta Travels (Bhorpet Travels),AC Seater (2+2),23:55,04h 40m,04:35,3.9,INR 515,37 Seats available
23,Kolkata to Digha Bus,https://www.redbus.in/bus-tickets/kolkata-to-digha?fromCityId=74820&toCityId=74706&fromCityName=Kolkata&toCityName=Digha&busType=Any&srcCountry=IND&destCountry=IND&onward=26-Jul-2024,Parameswar Travels,A/C Seater Push Back (2+3),23:45,05h 15m,05:00,3.0,400,17 Seats available
24,Kolkata to Digha Bus,https://www.redbus.in/bus-tickets/kolkata-to-digha?fromCityId=74820&toCityId=74706&fromCityName=Kolkata&toCityName=Digha&busType=Any&srcCountry=IND&destCountry=IND&onward=26-Jul-2024,Basu Travels,A/C Seater / Sleeper (2+2),23:59,05h 01m,05:00,3.7,INR 599,6 Seats available
25,Kolkata to Digha Bus,https://www.redbus.in/bus-tickets/kolkata-to-digha?fromCityId=74820&toCityId=74706&fromCityName=Kolkata&toCityName=Digha&busType=Any&srcCountry=IND&destCountry=IND&onward=26-Jul-2024,Sagufta Travels (Mayuri),A/C Seater (2+2),23:15,04h 45m,04:00,4.5,INR 515,24 Seats available
26,Kolkata to Digha Bus,https://www.redbus.in/bus-tickets/kolkata-to-digha?fromCityId=74820&toCityId=74706&fromCityName=Kolkata&toCityName=Digha&busType=Any&srcCountry=IND&destCountry=IND&onward=26-Jul-2024,Snemita Paribahan (Bhorpet),AC Seater (2+2),23:55,04h 50m,04:45,3.7,INR 470,19 Seats available
27,Kolkata to Digha Bus,https://www.redbus.in/bus-tickets/kolkata-to-digha?fromCityId=74820&toCityId=74706&fromCityName=Kolkata&toCityName=Digha&busType=Any&srcCountry=IND&destCountry=IND&onward=26-Jul-2024,Ankita Paribahan(Janhabi),A/C Seater Push Back (2+3),16:45,04h 35m,21:20,3.2,389,17 Seats available
28,Kolkata to Digha Bus,https://www.redbus.in/bus-tickets/kolkata-to-digha?fromCityId=74820&toCityId=74706&fromCityName=Kolkata&toCityName=Digha&busType=Any&srcCountry=IND&destCountry=IND&onward=26-Jul-2024,Bengal Surface Transport,A/C Seater / Sleeper (2+2),23:55,05h 05m,05:00,3.2,INR 550,20 Seats available
29,Kolkata to Digha Bus,https://www.redbus.in/bus-tickets/kolkata-to-digha?fromCityId=74820&toCityId=74706&fromCityName=Kolkata&toCityName=Digha&busType=Any&srcCountry=IND&destCountry=IND&onward=26-Jul-2024,Basu Travels,A/C Seater Push Back (2+3),23:30,05h 00m,04:30,3.4,INR 429,39 Seats available
30,Kolkata to Digha Bus,https://www.redbus.in/bus-tickets/kolkata-to-digha?fromCityId=74820&toCityId=74706&fromCityName=Kolkata&toCityName=Digha&busType=Any&srcCountry=IND&destCountry=IND&onward=26-Jul-2024,Tara Ma Paribahan,Non AC Seater (2+3),14:30,05h 00m,19:30,2.9,INR 220,48 Seats available
31,Kolkata to Digha Bus,https://www.redbus.in/bus-tickets/kolkata-to-digha?fromCityId=74820&toCityId=74706&fromCityName=Kolkata&toCityName=Digha&busType=Any&srcCountry=IND&destCountry=IND&onward=26-Jul-2024,Sagufta Travels (Atithi),A/C Seater Push Back (2+3),23:59,05h 01m,05:00,2.9,INR 415,14 Seats available
32,Kolkata to Digha Bus,https://www.redbus.in/bus-tickets/kolkata-to-digha?fromCityId=74820&toCityId=74706&fromCityName=Kolkata&toCityName=Digha&busType=Any&srcCountry=IND&destCountry=IND&onward=26-Jul-2024,Sagufta Travels(Angel),A/C Seater (2+2),23:58,05h 12m,05:10,3.2,INR 465,12 Seats available
33,Kolkata to Digha Bus,https://www.redbus.in/bus-tickets/kolkata-to-digha?fromCityId=74820&toCityId=74706&fromCityName=Kolkata&toCityName=Digha&busType=Any&srcCountry=IND&destCountry=IND&onward=26-Jul-2024,Haimanti Bus Service,AC Seater (2+3),19:50,05h 40m,01:30,2.1,INR 350,21 Seats available
34,Kolkata to Digha Bus,https://www.redbus.in/bus-tickets/kolkata-to-digha?fromCityId=74820&toCityId=74706&fromCityName=Kolkata&toCityName=Digha&busType=Any&srcCountry=IND&destCountry=IND&onward=26-Jul-2024,Parameswar Travels,A/C Seater Push Back (2+3),23:55,05h 05m,05:00,2.8,340,7 Seats available
35,Kolkata to Digha Bus,https://www.redbus.in/bus-tickets/kolkata-to-digha?fromCityId=74820&toCityId=74706&fromCityName=Kolkata&toCityName=Digha&busType=Any&srcCountry=IND&destCountry=IND&onward=26-Jul-2024,Snemita Paribahan(Shinjini),A/C Seater (2+3),23:50,04h 40m,04:30,2.6,INR 480,42 Seats available
36,Kolkata to Digha Bus,https://www.redbus.in/bus-tickets/kolkata-to-digha?fromCityId=74820&toCityId=74706&fromCityName=Kolkata&toCityName=Digha&busType=Any&srcCountry=IND&destCountry=IND&onward=26-Jul-2024,Basu Travels,A/C Seater Push Back (2+3),14:32,04h 28m,19:00,2.1,INR 390,24 Seats available
37,Kolkata to Digha Bus,https://www.redbus.in/bus-tickets/kolkata-to-digha?fromCityId=74820&toCityId=74706&fromCityName=Kolkata&toCityName=Digha&busType=Any&srcCountry=IND&destCountry=IND&onward=26-Jul-2024,Santosh Bus Service,A/C Seater Push Back (2+3),19:00,04h 35m,23:35,2.1,319,1 Seat available
38,Kolkata to Digha Bus,https://www.redbus.in/bus-tickets/kolkata-to-digha?fromCityId=74820&toCityId=74706&fromCityName=Kolkata&toCityName=Digha&busType=Any&srcCountry=IND&destCountry=IND&onward=26-Jul-2024,Sagufta Travels(Janhabi),A/C Seater Push Back (2+3),16:45,04h 30m,21:15,2.2,INR 415,39 Seats available
39,Kolkata to Digha Bus,https://www.redbus.in/bus-tickets/kolkata-to-digha?fromCityId=74820&toCityId=74706&fromCityName=Kolkata&toCityName=Digha&busType=Any&srcCountry=IND&destCountry=IND&onward=26-Jul-2024,Samanta Travels,A/C Seater (2+3),18:50,04h 40m,23:30,1.8,352,29 Seats available
40,Kolkata to Digha Bus,https://www.redbus.in/bus-tickets/kolkata-to-digha?fromCityId=74820&toCityId=74706&fromCityName=Kolkata&toCityName=Digha&busType=Any&srcCountry=IND&destCountry=IND&onward=26-Jul-2024,Suvam Travels,A/C Seater Push Back (2+3),15:30,05h 00m,20:30,1.5,INR 300,20 Seats available
41,Kolkata to Digha Bus,https://www.redbus.in/bus-tickets/kolkata-to-digha?fromCityId=74820&toCityId=74706&fromCityName=Kolkata&toCityName=Digha&busType=Any&srcCountry=IND&destCountry=IND&onward=26-Jul-2024,Ankita Paribahan( Haimanti),A/C Seater Push Back (2+3),19:50,04h 15m,00:05,4.5,416,21 Seats available
42,Kolkata to Digha Bus,https://www.redbus.in/bus-tickets/kolkata-to-digha?fromCityId=74820&toCityId=74706&fromCityName=Kolkata&toCityName=Digha&busType=Any&srcCountry=IND&destCountry=IND&onward=26-Jul-2024,Rubi Paribahan  ,Volvo Multi Axle B11R AC Seater\Sleeper (2+1),23:30,04h 30m,04:00,4.1,INR 699,29 Seats available
43,Kolkata to Digha Bus,https://www.redbus.in/bus-tickets/kolkata-to-digha?fromCityId=74820&toCityId=74706&fromCityName=Kolkata&toCityName=Digha&busType=Any&srcCountry=IND&destCountry=IND&onward=26-Jul-2024,Santosh Bus Service,A/C Seater Push Back (2+3),23:50,05h 10m,05:00,3.6,359,16 Seats available
44,Kolkata to Digha Bus,https://www.redbus.in/bus-tickets/kolkata-to-digha?fromCityId=74820&toCityId=74706&fromCityName=Kolkata&toCityName=Digha&busType=Any&srcCountry=IND&destCountry=IND&onward=26-Jul-2024,City Express (Shinjini),AC Seater (2+2),23:45,04h 50m,04:35,3.5,INR 670,21 Seats available
45,Kolkata to Digha Bus,https://www.redbus.in/bus-tickets/kolkata-to-digha?fromCityId=74820&toCityId=74706&fromCityName=Kolkata&toCityName=Digha&busType=Any&srcCountry=IND&destCountry=IND&onward=26-Jul-2024,Arunita Paribahan,AC Seater (2+2),23:45,05h 00m,04:45,4.3,INR 579,19 Seats available
46,Kolkata to Digha Bus,https://www.redbus.in/bus-tickets/kolkata-to-digha?fromCityId=74820&toCityId=74706&fromCityName=Kolkata&toCityName=Digha&busType=Any&srcCountry=IND&destCountry=IND&onward=26-Jul-2024,Adhikary Paribahan,A/C Seater Push Back (2+3),15:00,04h 30m,19:30,2.8,INR 309,60 Seats available
47,Kolkata to Suri Bus,https://www.redbus.in/bus-tickets/kolkata-to-suri?fromCityId=74820&toCityId=194483&fromCityName=Kolkata&toCityName=Suri&busType=Any&srcCountry=IND&destCountry=IND&onward=26-Jul-2024,SBSTC-KOLKATA - SURI - 14:30 - (Suri Depot) - 652,Non AC Seater (2+3),14:30,05h 00m,19:30,3.3,INR 190,18 Seats available
48,Digha to Kolkata Bus,https://www.redbus.in/bus-tickets/digha-to-kolkata?fromCityId=74706&toCityId=74820&fromCityName=Digha&toCityName=Kolkata&busType=Any&srcCountry=IND&destCountry=IND&onward=26-Jul-2024,WBTC (CTC) Joka - Tollygunge - Digha - 99|14:30,Non AC Seater (2+3),14:30,04h 30m,19:00,3.6,INR 145,22 Seats available
49,Digha to Kolkata Bus,https://www.redbus.in/bus-tickets/digha-to-kolkata?fromCityId=74706&toCityId=74820&fromCityName=Digha&toCityName=Kolkata&busType=Any&srcCountry=IND&destCountry=IND&onward=26-Jul-2024,WBTC (CTC) SHYAMBAZAR - DIGHA VIA- ESPLANADE (AC-VOLVO) - 52|14:46,Volvo AC Seater (2+2),14:46,04h 45m,19:31,4.3,INR 370,11 Seats available
50,Digha to Kolkata Bus,https://www.redbus.in/bus-tickets/digha-to-kolkata?fromCityId=74706&toCityId=74820&fromCityName=Digha&toCityName=Kolkata&busType=Any&srcCountry=IND&destCountry=IND&onward=26-Jul-2024,WBTC (CTC) HABRA-DIGHA via Bally - 26|14:50,Non AC Seater (2+3),14:50,04h 15m,19:05,3.3,INR 146,25 Seats available
51,Digha to Kolkata Bus,https://www.redbus.in/bus-tickets/digha-to-kolkata?fromCityId=74706&toCityId=74820&fromCityName=Digha&toCityName=Kolkata&busType=Any&srcCountry=IND&destCountry=IND&onward=26-Jul-2024,WBTC (CTC) Khidderpur - Digha - 97|15:00,Non AC Seater (2+3),15:00,05h 00m,20:00,3.6,INR 151,26 Seats available
52,Digha to Kolkata Bus,https://www.redbus.in/bus-tickets/digha-to-kolkata?fromCityId=74706&toCityId=74820&fromCityName=Digha&toCityName=Kolkata&busType=Any&srcCountry=IND&destCountry=IND&onward=26-Jul-2024,WBTC (CTC) Joka - Tollygunge - Digha - 99|15:30,Non AC Seater (2+3),15:30,04h 15m,19:45,3.6,INR 145,20 Seats available
53,Digha to Kolkata Bus,https://www.redbus.in/bus-tickets/digha-to-kolkata?fromCityId=74706&toCityId=74820&fromCityName=Digha&toCityName=Kolkata&busType=Any&srcCountry=IND&destCountry=IND&onward=26-Jul-2024,WBTC (CTC) MADHYAMGRAM - DIGHA via Belghoria - 130|16:00,Non AC Seater (2+3),16:00,04h 30m,20:30,2.3,INR 147,27 Seats available
54,Digha to Kolkata Bus,https://www.redbus.in/bus-tickets/digha-to-kolkata?fromCityId=74706&toCityId=74820&fromCityName=Digha&toCityName=Kolkata&busType=Any&srcCountry=IND&destCountry=IND&onward=26-Jul-2024,WBTC (CTC) Tollygunge - Digha - 200|16:30,Non AC Seater (2+3),16:30,04h 15m,20:45,3.9,INR 145,36 Seats available
55,Digha to Kolkata Bus,https://www.redbus.in/bus-tickets/digha-to-kolkata?fromCityId=74706&toCityId=74820&fromCityName=Digha&toCityName=Kolkata&busType=Any&srcCountry=IND&destCountry=IND&onward=26-Jul-2024,WBTC (CTC) BARASAT-DIGHA via Bally - 38|16:45,Non AC Seater (2+3),16:45,04h 00m,20:45,3.6,INR 146,26 Seats available
56,Digha to Kolkata Bus,https://www.redbus.in/bus-tickets/digha-to-kolkata?fromCityId=74706&toCityId=74820&fromCityName=Digha&toCityName=Kolkata&busType=Any&srcCountry=IND&destCountry=IND&onward=26-Jul-2024,Samanta Travels,A/C Seater (2+3),14:30,04h 50m,19:20,3.7,285,21 Seats available
57,Digha to Kolkata Bus,https://www.redbus.in/bus-tickets/digha-to-kolkata?fromCityId=74706&toCityId=74820&fromCityName=Digha&toCityName=Kolkata&busType=Any&srcCountry=IND&destCountry=IND&onward=26-Jul-2024,City Express (Shinjini),AC Seater (2+3),22:45,05h 25m,04:10,3.5,INR 320,45 Seats available
58,Digha to Kolkata Bus,https://www.redbus.in/bus-tickets/digha-to-kolkata?fromCityId=74706&toCityId=74820&fromCityName=Digha&toCityName=Kolkata&busType=Any&srcCountry=IND&destCountry=IND&onward=26-Jul-2024,Sneha Gold Bus Service,A/C Seater (2+3),16:30,05h 00m,21:30,4.5,INR 300,10 Seats available
59,Digha to Kolkata Bus,https://www.redbus.in/bus-tickets/digha-to-kolkata?fromCityId=74706&toCityId=74820&fromCityName=Digha&toCityName=Kolkata&busType=Any&srcCountry=IND&destCountry=IND&onward=26-Jul-2024,Snemita Paribahan(Shinjini),A/C Seater (2+3),22:45,05h 25m,04:10,3.0,INR 370,25 Seats available
60,Digha to Kolkata Bus,https://www.redbus.in/bus-tickets/digha-to-kolkata?fromCityId=74706&toCityId=74820&fromCityName=Digha&toCityName=Kolkata&busType=Any&srcCountry=IND&destCountry=IND&onward=26-Jul-2024,Satya Paribahan,A/C Seater (2+3),23:00,04h 45m,03:45,2.8,324,13 Seats available
61,Kolkata to Durgapur (West Bengal) Bus,https://www.redbus.in/bus-tickets/kolkata-to-durgapur?fromCityId=74820&toCityId=69802&fromCityName=Kolkata&toCityName=Durgapur%20(West%20Bengal)&busType=Any&onward=26-Jul-2024,SBSTC-KOLKATA - BANKURA - 14:30 (Bankura Depot) - 2756,Non AC Seater (2+3),14:30,03h 30m,18:00,3.6,INR 150,24 Seats available
62,Midnapore to Barasat (West Bengal) Bus,https://www.redbus.in/bus-tickets/midnapore-to-barasat-west-bengal?fromCityId=197222&toCityId=201668&fromCityName=Midnapore&toCityName=Barasat%20(West%20Bengal)&busType=Any&srcCountry=IND&destCountry=IND&onward=26-Jul-2024,WBTC (CTC) Habra-Midnapur - 194|15:40,Non AC Seater (2+3),15:40,03h 15m,18:55,4.1,INR 120,8 Seats available
63,Midnapore to Kolkata Bus,https://www.redbus.in/bus-tickets/midnapore-to-kolkata?fromCityId=197222&toCityId=74820&fromCityName=Midnapore&toCityName=Kolkata&busType=Any&onward=26-Jul-2024,SBSTC-JHARGRAM - KARUNAMOYEE - VIA - KOLKATA - 13:35 - 1764,Non AC Seater (2+3),15:05,08h 55m,00:00,4.1,INR 110,32 Seats available
64,Midnapore to Kolkata Bus,https://www.redbus.in/bus-tickets/midnapore-to-kolkata?fromCityId=197222&toCityId=74820&fromCityName=Midnapore&toCityName=Kolkata&busType=Any&onward=26-Jul-2024,SBSTC-MIDNAPUR - GARIA - 15:30 (MID DEPOT) - 1511,Non AC Seater (2+3),15:30,08h 30m,00:00,3.9,INR 110,38 Seats available
65,Midnapore to Kolkata Bus,https://www.redbus.in/bus-tickets/midnapore-to-kolkata?fromCityId=197222&toCityId=74820&fromCityName=Midnapore&toCityName=Kolkata&busType=Any&onward=26-Jul-2024,SBSTC-MIDNAPUR - BARASAT - 16:00 (MID DEPOT) - 1193,Non AC Seater (2+3),16:00,08h 00m,00:00,3.5,INR 111,9 Seats available
66,Midnapore to Kolkata Bus,https://www.redbus.in/bus-tickets/midnapore-to-kolkata?fromCityId=197222&toCityId=74820&fromCityName=Midnapore&toCityName=Kolkata&busType=Any&onward=26-Jul-2024,SBSTC-MIDNAPUR - KARUNAMOYEE - 16:40 - 997,Non AC Seater (2+3),16:40,07h 20m,00:00,4.1,INR 118,24 Seats available
67,Kolkata to Siliguri Bus,https://www.redbus.in/bus-tickets/kolkata-to-siliguri?fromCityId=74820&toCityId=74694&fromCityName=Kolkata&toCityName=Siliguri&busType=Any&srcCountry=IND&destCountry=IND&onward=26-Jul-2024,NORTH BENGAL STATE TRANSPORT CORPORATION,Non AC Seater (2+3),15:00,13h 20m,04:20,3.5,INR 450,45 Seats available
68,Kolkata to Siliguri Bus,https://www.redbus.in/bus-tickets/kolkata-to-siliguri?fromCityId=74820&toCityId=74694&fromCityName=Kolkata&toCityName=Siliguri&busType=Any&srcCountry=IND&destCountry=IND&onward=26-Jul-2024,NBSTC-KOL-COB-R1-17:00,Non AC Seater 2+2,17:00,12h 00m,05:00,3.7,INR 486,6 Seats available
69,Kolkata to Siliguri Bus,https://www.redbus.in/bus-tickets/kolkata-to-siliguri?fromCityId=74820&toCityId=74694&fromCityName=Kolkata&toCityName=Siliguri&busType=Any&srcCountry=IND&destCountry=IND&onward=26-Jul-2024,NBSTC-KOL-SLG-R1-18:00,NON A/C Seater Push Back (2+2),18:00,12h 00m,06:00,4.1,INR 486,8 Seats available
70,Kolkata to Siliguri Bus,https://www.redbus.in/bus-tickets/kolkata-to-siliguri?fromCityId=74820&toCityId=74694&fromCityName=Kolkata&toCityName=Siliguri&busType=Any&srcCountry=IND&destCountry=IND&onward=26-Jul-2024,SBSTC-KOLKATA - SILIGURI - VIA - MALDA - 20:00 (BEL DEPO - 3805,Express (Non AC Seater 2+2),20:00,13h 00m,09:00,4.3,INR 500,17 Seats available
71,Kolkata to Siliguri Bus,https://www.redbus.in/bus-tickets/kolkata-to-siliguri?fromCityId=74820&toCityId=74694&fromCityName=Kolkata&toCityName=Siliguri&busType=Any&srcCountry=IND&destCountry=IND&onward=26-Jul-2024,Shyamoli Paribahan Pvt Ltd,Volvo 9600 A/C Seater/Sleeper (2+1),18:30,13h 15m,07:45,4.6,INR 1200,28 Seats available
72,Kolkata to Siliguri Bus,https://www.redbus.in/bus-tickets/kolkata-to-siliguri?fromCityId=74820&toCityId=74694&fromCityName=Kolkata&toCityName=Siliguri&busType=Any&srcCountry=IND&destCountry=IND&onward=26-Jul-2024,Lokenath Bus Service,Volvo 9600 Multi-Axle A/C Sleeper (2+1),18:45,12h 45m,07:30,4.6,INR 1500,30 Seats available
73,Kolkata to Siliguri Bus,https://www.redbus.in/bus-tickets/kolkata-to-siliguri?fromCityId=74820&toCityId=74694&fromCityName=Kolkata&toCityName=Siliguri&busType=Any&srcCountry=IND&destCountry=IND&onward=26-Jul-2024,Shyamoli Paribahan Pvt Ltd,Volvo Multi-Axle A/C seater/sleeper (2+1),19:30,13h 15m,08:45,4.5,INR 1200,31 Seats available
74,Kolkata to Siliguri Bus,https://www.redbus.in/bus-tickets/kolkata-to-siliguri?fromCityId=74820&toCityId=74694&fromCityName=Kolkata&toCityName=Siliguri&busType=Any&srcCountry=IND&destCountry=IND&onward=26-Jul-2024,Express Line,Volvo 9600 Multi-Axle A/C Sleeper (2+1),18:30,13h 10m,07:40,4.5,1499,17 Seats available
75,Kolkata to Siliguri Bus,https://www.redbus.in/bus-tickets/kolkata-to-siliguri?fromCityId=74820&toCityId=74694&fromCityName=Kolkata&toCityName=Siliguri&busType=Any&srcCountry=IND&destCountry=IND&onward=26-Jul-2024,Shyamoli Paribahan Pvt Ltd,Volvo 9600 Multi-Axle A/C Sleeper (2+1),18:00,12h 50m,06:50,4.5,INR 1500,11 Seats available
76,Kolkata to Siliguri Bus,https://www.redbus.in/bus-tickets/kolkata-to-siliguri?fromCityId=74820&toCityId=74694&fromCityName=Kolkata&toCityName=Siliguri&busType=Any&srcCountry=IND&destCountry=IND&onward=26-Jul-2024,Lokenath Bus Service,Volvo Multi-Axle A/C Seater/Sleeper (2+1),18:15,12h 15m,06:30,4.4,INR 1200,26 Seats available
77,Kolkata to Siliguri Bus,https://www.redbus.in/bus-tickets/kolkata-to-siliguri?fromCityId=74820&toCityId=74694&fromCityName=Kolkata&toCityName=Siliguri&busType=Any&srcCountry=IND&destCountry=IND&onward=26-Jul-2024,Greenline,Volvo Multi-Axle A/C Sleeper (2+1),18:30,13h 15m,07:45,4.5,INR 1500,7 Seats available
78,Kolkata to Siliguri Bus,https://www.redbus.in/bus-tickets/kolkata-to-siliguri?fromCityId=74820&toCityId=74694&fromCityName=Kolkata&toCityName=Siliguri&busType=Any&srcCountry=IND&destCountry=IND&onward=26-Jul-2024,Rubi Paribahan  ,Volvo 9600 Multi-Axle A/C Sleeper (2+1),19:00,12h 30m,07:30,4.3,INR 1499,16 Seats available
79,Kolkata to Siliguri Bus,https://www.redbus.in/bus-tickets/kolkata-to-siliguri?fromCityId=74820&toCityId=74694&fromCityName=Kolkata&toCityName=Siliguri&busType=Any&srcCountry=IND&destCountry=IND&onward=26-Jul-2024,Lokenath Bus Service,Volvo Multi Axle B11R AC Seater\Sleeper (2+1),20:00,12h 00m,08:00,4.3,INR 1200,34 Seats available
80,Kolkata to Siliguri Bus,https://www.redbus.in/bus-tickets/kolkata-to-siliguri?fromCityId=74820&toCityId=74694&fromCityName=Kolkata&toCityName=Siliguri&busType=Any&srcCountry=IND&destCountry=IND&onward=26-Jul-2024,Aradhana Bus Service,NON A/C Seater / Sleeper (2+2),16:45,14h 15m,07:00,2.1,713,34 Seats available
81,Kolkata to Siliguri Bus,https://www.redbus.in/bus-tickets/kolkata-to-siliguri?fromCityId=74820&toCityId=74694&fromCityName=Kolkata&toCityName=Siliguri&busType=Any&srcCountry=IND&destCountry=IND&onward=26-Jul-2024,Maulik Paribahan,A/C Seater / Sleeper (2+2),18:30,13h 15m,07:45,3.3,INR 900,54 Seats available
82,Kolkata to Siliguri Bus,https://www.redbus.in/bus-tickets/kolkata-to-siliguri?fromCityId=74820&toCityId=74694&fromCityName=Kolkata&toCityName=Siliguri&busType=Any&srcCountry=IND&destCountry=IND&onward=26-Jul-2024,Shantanu Travels,NON A/C Seater / Sleeper (2+2),17:00,15h 00m,08:00,2.8,INR 600,37 Seats available
83,Kolkata to Siliguri Bus,https://www.redbus.in/bus-tickets/kolkata-to-siliguri?fromCityId=74820&toCityId=74694&fromCityName=Kolkata&toCityName=Siliguri&busType=Any&srcCountry=IND&destCountry=IND&onward=26-Jul-2024,Shantanu Bus Service,NON A/C Seater / Sleeper (2+2),17:30,15h 00m,08:30,2.1,INR 600,39 Seats available
84,Kolkata to Siliguri Bus,https://www.redbus.in/bus-tickets/kolkata-to-siliguri?fromCityId=74820&toCityId=74694&fromCityName=Kolkata&toCityName=Siliguri&busType=Any&srcCountry=IND&destCountry=IND&onward=26-Jul-2024,Maa Durga Bus Service,NON A/C Seater / Sleeper (2+2),19:00,14h 00m,09:00,2.5,INR 600,16 Seats available
85,Kolkata to Asansol (West Bengal) Bus,https://www.redbus.in/bus-tickets/kolkata-to-asansol?fromCityId=74820&toCityId=74672&fromCityName=Kolkata&toCityName=Asansol%20(West%20Bengal)&busType=Any&onward=26-Jul-2024,SBSTC-KOLKATA - ASANSOL - 15:00 (ASANSOL DEPOT) - 257,Non AC Seater (2+3),15:00,04h 30m,19:30,2.9,INR 180,3 Seats available
86,Kolkata to Asansol (West Bengal) Bus,https://www.redbus.in/bus-tickets/kolkata-to-asansol?fromCityId=74820&toCityId=74672&fromCityName=Kolkata&toCityName=Asansol%20(West%20Bengal)&busType=Any&onward=26-Jul-2024,SBSTC-KARUNAMOYEE - ASANSOL - 15:30 (ASN DEPOT) - 249,Non AC Seater (2+3),15:30,05h 00m,20:30,3.3,INR 185,36 Seats available
87,Kolkata to Asansol (West Bengal) Bus,https://www.redbus.in/bus-tickets/kolkata-to-asansol?fromCityId=74820&toCityId=74672&fromCityName=Kolkata&toCityName=Asansol%20(West%20Bengal)&busType=Any&onward=26-Jul-2024,SBSTC-KOLKATA - ASANSOL - 16:00 (ASANSOL DEPOT) - 768,Non AC Seater (2+3),16:00,04h 30m,20:30,4.4,INR 180,54 Seats available
88,Kolkata to Asansol (West Bengal) Bus,https://www.redbus.in/bus-tickets/kolkata-to-asansol?fromCityId=74820&toCityId=74672&fromCityName=Kolkata&toCityName=Asansol%20(West%20Bengal)&busType=Any&onward=26-Jul-2024,SBSTC-KARUNAMOYEE - ASANSOL - AC - 16:15 (BEL DEPOT) - 1566,AC Seater (2+2),16:15,05h 00m,21:15,1.7,INR 360,24 Seats available
